variant,p,alpha,n_seeds,fa,fa_sd,aa,aa_sd,ffm,ffm_sd,old_mean,new_acc,first5_mean
combine,0.10,0.10,3,80.51,0.56,85.05,0.74,6.27,0.22,80.27,82.65,79.78
combine,0.10,0.30,3,82.22,0.50,86.06,0.74,5.88,0.49,81.87,85.40,80.40
combine,0.10,0.50,3,82.42,0.24,86.36,0.69,6.42,0.50,81.93,86.82,79.62
combine,0.10,0.70,3,82.37,0.29,86.47,0.65,7.13,0.37,81.84,87.19,78.85
combine,0.10,0.90,3,82.36,0.63,86.45,0.70,7.48,0.55,81.74,88.01,78.55
combine,0.10,1.00,3,82.07,0.64,86.38,0.66,8.02,0.58,81.42,87.89,77.97
combine,0.30,0.10,3,81.76,0.48,85.64,0.75,5.62,0.46,81.48,84.34,80.71
combine,0.30,0.30,3,83.32,0.26,86.77,0.63,5.89,0.54,82.91,86.99,80.68
combine,0.30,0.50,3,83.01,0.28,86.89,0.59,6.98,0.52,82.48,87.78,79.35
combine,0.30,0.70,3,82.58,0.27,86.90,0.49,7.87,0.43,81.99,87.94,78.42
combine,0.30,0.90,3,82.00,0.45,86.74,0.56,9.04,0.47,81.27,88.60,77.08
combine,0.30,1.00,3,81.45,0.47,86.54,0.49,9.60,0.54,80.64,88.72,76.29
combine,0.50,0.10,3,82.54,0.36,86.04,0.69,5.25,0.39,82.32,84.54,81.18
combine,0.50,0.30,3,83.36,0.32,87.01,0.56,6.32,0.58,82.92,87.32,80.25
combine,0.50,0.50,3,82.85,0.29,87.10,0.56,7.67,0.37,82.27,88.06,78.63
combine,0.50,0.70,3,82.31,0.29,86.99,0.49,8.69,0.37,81.60,88.67,77.75
combine,0.50,0.90,3,81.31,0.33,86.56,0.46,10.08,0.45,80.43,89.25,75.72
combine,0.50,1.00,3,80.63,0.31,86.26,0.54,11.04,0.50,79.64,89.57,74.50
combine,0.70,0.10,3,82.85,0.37,86.26,0.66,5.18,0.46,82.61,85.00,81.33
combine,0.70,0.30,3,83.37,0.20,87.12,0.49,6.73,0.44,82.89,87.73,79.85
combine,0.70,0.50,3,82.69,0.23,87.18,0.49,8.12,0.48,82.07,88.31,78.19
combine,0.70,0.70,3,81.43,0.28,86.77,0.39,9.97,0.58,80.63,88.68,76.20
combine,0.70,0.90,3,80.62,0.42,86.49,0.44,11.15,0.59,79.69,89.00,74.87
combine,0.70,1.00,3,80.08,0.42,86.23,0.40,11.96,0.52,79.06,89.24,73.83
combine,0.90,0.10,3,83.17,0.27,86.49,0.62,5.04,0.39,82.92,85.44,81.67
combine,0.90,0.30,3,83.58,0.13,87.32,0.50,6.70,0.37,83.14,87.57,80.00
combine,0.90,0.50,3,82.53,0.27,87.16,0.45,8.48,0.44,81.86,88.56,78.08
combine,0.90,0.70,3,81.27,0.25,86.82,0.35,10.45,0.73,80.41,89.00,75.60
combine,0.90,0.90,3,80.13,0.42,86.32,0.48,12.02,0.59,79.08,89.61,73.82
combine,0.90,1.00,3,79.23,0.45,85.93,0.42,13.05,0.68,78.10,89.41,72.25
combine,1.00,0.10,3,83.24,0.35,86.55,0.60,5.08,0.43,83.01,85.32,81.54
combine,1.00,0.30,3,83.36,0.18,87.21,0.46,6.87,0.30,82.87,87.73,79.61
combine,1.00,0.50,3,82.28,0.27,87.05,0.47,8.81,0.35,81.59,88.51,77.41
combine,1.00,0.70,3,80.80,0.32,86.66,0.37,10.98,0.30,79.88,89.16,74.83
combine,1.00,0.90,3,79.44,0.37,85.92,0.49,12.73,0.20,78.32,89.53,72.66
combine,1.00,1.00,3,78.73,0.50,85.70,0.37,13.75,0.52,77.49,89.90,71.69
only_A,0.10,0.10,3,82.86,0.33,86.32,0.58,5.16,0.39,82.61,85.16,81.61
only_A,0.10,0.30,3,83.80,0.19,87.26,0.44,6.14,0.63,83.37,87.65,80.77
only_A,0.10,0.50,3,83.09,0.07,87.25,0.43,7.58,0.50,82.53,88.10,79.08
only_A,0.10,0.70,3,81.93,0.16,86.81,0.41,9.38,0.68,81.14,89.00,76.85
only_A,0.10,0.90,3,81.15,0.29,86.47,0.40,10.55,0.98,80.21,89.54,75.47
only_A,0.10,1.00,3,80.20,0.59,86.14,0.44,11.73,0.96,79.15,89.66,74.13
only_A,0.30,0.10,3,82.92,0.25,86.30,0.59,5.07,0.40,82.69,85.03,81.56
only_A,0.30,0.30,3,83.56,0.22,87.29,0.43,6.46,0.20,83.15,87.20,80.29
only_A,0.30,0.50,3,82.57,0.31,87.17,0.48,8.38,0.49,81.94,88.23,78.04
only_A,0.30,0.70,3,81.43,0.32,86.78,0.45,10.03,0.33,80.59,88.97,76.07
only_A,0.30,0.90,3,80.32,0.34,86.33,0.30,11.69,0.63,79.28,89.68,74.30
only_A,0.30,1.00,3,79.79,0.41,86.00,0.39,12.35,0.70,78.65,90.06,73.43
only_A,0.50,0.10,3,83.07,0.23,86.38,0.58,4.96,0.50,82.84,85.07,81.65
only_A,0.50,0.30,3,83.49,0.08,87.24,0.45,6.69,0.63,83.05,87.44,80.01
only_A,0.50,0.50,3,82.38,0.23,87.16,0.45,8.61,0.39,81.74,88.22,77.67
only_A,0.50,0.70,3,81.25,0.35,86.69,0.43,10.27,0.52,80.38,89.05,75.66
only_A,0.50,0.90,3,79.90,0.46,86.20,0.48,12.14,0.71,78.85,89.37,73.49
only_A,0.50,1.00,3,79.10,0.66,85.79,0.49,13.18,0.57,77.87,90.18,72.17
only_A,0.70,0.10,3,83.14,0.35,86.43,0.59,4.93,0.48,82.90,85.28,81.65
only_A,0.70,0.30,3,83.58,0.24,87.35,0.50,6.70,0.39,83.14,87.57,80.02
only_A,0.70,0.50,3,82.35,0.15,87.08,0.39,8.63,0.33,81.68,88.43,77.72
only_A,0.70,0.70,3,81.01,0.43,86.67,0.41,10.58,0.78,80.13,89.00,75.30
only_A,0.70,0.90,3,79.47,0.46,86.02,0.46,12.63,0.65,78.34,89.65,72.47
only_A,0.70,1.00,3,79.04,0.37,85.76,0.44,13.37,0.32,77.82,90.02,72.25
only_A,0.90,0.10,3,83.19,0.32,86.42,0.58,4.88,0.36,82.97,85.20,81.79
only_A,0.90,0.30,3,83.48,0.19,87.27,0.43,6.76,0.31,83.05,87.41,79.87
only_A,0.90,0.50,3,82.37,0.31,87.09,0.48,8.71,0.46,81.72,88.18,77.56
only_A,0.90,0.70,3,81.20,0.12,86.71,0.37,10.50,0.51,80.31,89.16,75.56
only_A,0.90,0.90,3,79.46,0.51,86.00,0.45,12.80,0.54,78.31,89.81,72.62
only_A,0.90,1.00,3,78.88,0.60,85.73,0.40,13.54,0.65,77.63,90.14,71.77
only_A,1.00,0.10,3,83.11,0.25,86.40,0.60,4.97,0.39,82.89,85.08,81.54
only_A,1.00,0.30,3,83.53,0.17,87.25,0.52,6.76,0.55,83.04,87.89,79.87
only_A,1.00,0.50,3,82.44,0.32,87.09,0.43,8.66,0.36,81.78,88.35,77.66
only_A,1.00,0.70,3,80.90,0.32,86.58,0.37,10.84,0.53,80.01,88.92,75.01
only_A,1.00,0.90,3,79.75,0.51,86.01,0.37,12.37,0.83,78.66,89.57,73.05
only_A,1.00,1.00,3,78.83,0.47,85.71,0.46,13.60,0.32,77.53,90.51,71.61
only_B,0.10,0.10,3,80.68,0.59,85.16,0.73,6.27,0.32,80.45,82.69,79.83
only_B,0.10,0.30,3,82.46,0.41,86.17,0.67,5.81,0.37,82.12,85.48,80.61
only_B,0.10,0.50,3,82.83,0.22,86.47,0.62,6.23,0.54,82.40,86.66,80.14
only_B,0.10,0.70,3,82.54,0.33,86.53,0.58,6.98,0.31,82.03,87.08,79.14
only_B,0.10,0.90,3,81.88,0.40,86.40,0.62,8.21,0.28,81.24,87.66,77.97
only_B,0.10,1.00,3,81.75,0.38,86.34,0.57,8.69,0.28,81.06,87.98,77.44
only_B,0.30,0.10,3,81.92,0.38,85.70,0.69,5.44,0.34,81.70,83.92,80.82
only_B,0.30,0.30,3,83.27,0.07,86.78,0.55,5.93,0.45,82.88,86.75,80.60
only_B,0.30,0.50,3,82.61,0.17,86.89,0.44,7.59,0.41,82.04,87.82,78.77
only_B,0.30,0.70,3,82.02,0.48,86.80,0.50,8.70,0.45,81.36,87.90,77.46
only_B,0.30,0.90,3,81.08,0.38,86.46,0.48,10.03,0.29,80.23,88.75,75.89
only_B,0.30,1.00,3,80.59,0.48,86.32,0.54,10.86,0.23,79.68,88.76,75.12
only_B,0.50,0.10,3,82.42,0.35,86.00,0.63,5.13,0.39,82.18,84.58,81.20
only_B,0.50,0.30,3,83.43,0.13,87.02,0.50,6.30,0.37,82.98,87.49,80.35
only_B,0.50,0.50,3,82.64,0.25,87.02,0.52,7.98,0.51,82.03,88.10,78.34
only_B,0.50,0.70,3,81.58,0.31,86.73,0.51,9.67,0.20,80.79,88.71,76.38
only_B,0.50,0.90,3,80.73,0.27,86.36,0.41,10.86,0.19,79.80,89.12,75.07
only_B,0.50,1.00,3,79.86,0.34,86.07,0.44,12.10,0.57,78.75,89.86,73.65
only_B,0.70,0.10,3,82.83,0.36,86.22,0.62,5.02,0.49,82.61,84.86,81.46
only_B,0.70,0.30,3,83.43,0.09,87.16,0.48,6.61,0.33,82.97,87.57,79.91
only_B,0.70,0.50,3,82.42,0.30,87.05,0.48,8.51,0.39,81.77,88.19,77.96
only_B,0.70,0.70,3,81.28,0.36,86.63,0.50,10.11,0.64,80.46,88.67,75.87
only_B,0.70,0.90,3,79.99,0.15,86.22,0.41,12.03,0.38,78.92,89.57,73.66
only_B,0.70,1.00,3,78.93,0.76,85.80,0.52,13.23,0.77,77.71,89.86,72.05
only_B,0.90,0.10,3,83.05,0.32,86.40,0.60,5.00,0.36,82.83,85.08,81.59
only_B,0.90,0.30,3,83.37,0.16,87.19,0.42,6.80,0.35,82.91,87.49,79.66
only_B,0.90,0.50,3,82.48,0.29,87.14,0.42,8.62,0.31,81.79,88.72,77.73
only_B,0.90,0.70,3,81.08,0.35,86.63,0.45,10.61,0.31,80.19,89.08,75.57
only_B,0.90,0.90,3,79.60,0.41,86.07,0.45,12.59,0.60,78.47,89.82,72.95
only_B,0.90,1.00,3,78.98,0.77,85.68,0.48,13.42,0.68,77.72,90.34,71.97
only_B,1.00,0.10,3,83.12,0.36,86.44,0.60,4.94,0.44,82.88,85.32,81.59
only_B,1.00,0.30,3,83.48,0.15,87.26,0.38,6.82,0.40,83.00,87.81,79.76
only_B,1.00,0.50,3,82.33,0.25,87.08,0.43,8.75,0.40,81.65,88.47,77.52
only_B,1.00,0.70,3,80.75,0.22,86.58,0.41,10.92,0.53,79.86,88.83,74.76
only_B,1.00,0.90,3,79.43,0.30,86.00,0.40,12.84,0.32,78.22,90.26,72.40
only_B,1.00,1.00,3,78.69,1.02,85.68,0.54,13.87,1.17,77.38,90.43,71.43
separate,0.10,0.10,3,80.45,0.55,85.02,0.73,6.34,0.29,80.20,82.69,79.74
separate,0.10,0.30,3,82.36,0.35,86.06,0.64,5.64,0.44,82.04,85.23,80.84
separate,0.10,0.50,3,82.58,0.28,86.37,0.69,6.01,0.43,82.21,85.89,80.38
separate,0.10,0.70,3,82.67,0.14,86.48,0.58,6.48,0.44,82.18,86.99,79.72
separate,0.10,0.90,3,82.29,0.34,86.43,0.63,7.54,0.56,81.70,87.57,78.78
separate,0.10,1.00,3,81.95,0.38,86.40,0.65,8.09,0.46,81.30,87.81,78.12
separate,0.30,0.10,3,81.59,0.47,85.60,0.72,5.66,0.34,81.36,83.64,80.54
separate,0.30,0.30,3,83.38,0.11,86.69,0.54,5.66,0.53,82.97,87.07,81.01
separate,0.30,0.50,3,82.88,0.24,86.84,0.49,7.00,0.24,82.35,87.66,79.53
separate,0.30,0.70,3,82.32,0.19,86.85,0.48,8.25,0.55,81.70,87.94,78.10
separate,0.30,0.90,3,81.58,0.60,86.62,0.54,9.40,0.46,80.83,88.31,76.98
separate,0.30,1.00,3,80.91,0.38,86.40,0.45,10.32,0.36,80.06,88.59,75.88
separate,0.50,0.10,3,82.40,0.35,85.96,0.65,5.25,0.48,82.16,84.62,81.09
separate,0.50,0.30,3,83.33,0.11,86.98,0.52,6.23,0.37,82.90,87.12,80.30
separate,0.50,0.50,3,82.71,0.33,87.04,0.53,7.91,0.32,82.12,88.02,78.57
separate,0.50,0.70,3,81.89,0.32,86.84,0.48,9.19,0.42,81.17,88.39,77.12
separate,0.50,0.90,3,80.53,0.46,86.39,0.50,11.01,0.60,79.60,88.96,74.83
separate,0.50,1.00,3,80.07,0.21,86.17,0.50,11.64,0.28,79.05,89.24,74.11
separate,0.70,0.10,3,82.77,0.36,86.21,0.63,5.15,0.48,82.53,84.91,81.37
separate,0.70,0.30,3,83.24,0.13,87.06,0.48,6.67,0.34,82.77,87.45,79.84
separate,0.70,0.50,3,82.48,0.22,87.01,0.49,8.32,0.49,81.82,88.35,77.87
separate,0.70,0.70,3,81.40,0.40,86.69,0.41,9.97,0.24,80.60,88.59,76.30
separate,0.70,0.90,3,79.98,0.50,86.15,0.49,11.89,0.60,78.95,89.24,73.73
separate,0.70,1.00,3,79.56,0.38,85.97,0.41,12.48,0.67,78.45,89.57,73.19
separate,0.90,0.10,3,83.05,0.29,86.37,0.61,5.04,0.47,82.80,85.24,81.54
separate,0.90,0.30,3,83.56,0.14,87.25,0.45,6.63,0.37,83.09,87.74,80.02
separate,0.90,0.50,3,82.37,0.49,87.14,0.48,8.64,0.55,81.70,88.44,77.50
separate,0.90,0.70,3,81.12,0.61,86.64,0.45,10.40,0.45,80.26,88.79,75.62
separate,0.90,0.90,3,79.62,0.60,86.09,0.51,12.55,0.79,78.50,89.72,73.15
separate,0.90,1.00,3,79.02,0.61,85.71,0.54,13.23,0.82,77.79,90.10,72.17
separate,1.00,0.10,3,83.03,0.25,86.42,0.59,5.07,0.41,82.79,85.20,81.55
separate,1.00,0.30,3,83.54,0.13,87.30,0.42,6.76,0.49,83.11,87.41,79.85
separate,1.00,0.50,3,82.29,0.38,87.08,0.47,8.75,0.40,81.61,88.47,77.61
separate,1.00,0.70,3,80.83,0.10,86.53,0.40,10.92,0.42,79.90,89.20,74.93
separate,1.00,0.90,3,79.46,0.28,86.08,0.38,12.77,0.58,78.36,89.41,72.81
separate,1.00,1.00,3,78.73,0.70,85.74,0.50,13.86,0.84,77.42,90.47,71.71
